,Company,Menu
1,McDonald's,Egg and Cheese Muffin
2,McDonald's,Chicken Muffin
3,McDonald's,Sausage McMuffin
4,McDonald's,Egg McMuffin
5,McDonald's,Chicken Muffin with Egg
6,McDonald's,Sausage McMuffin with Egg
7,McDonald's,Sausage Wrap
8,McDonald's,Big Breakfast
9,McDonald's,Breakfast Wrap
10,McDonald's,Hotcakes 
11,McDonald's,Hashbrown
12,McDonald's,Nasi Uduk McD
13,McDonald's,Bubur Ayam McD
14,McDonald's,Big Mac¬Æ
15,McDonald's,Triple Cheeseburger
16,McDonald's,Double Cheeseburger
17,McDonald's,Cheeseburger Deluxe
18,McDonald's,Cheeseburger with Egg
19,McDonald's,Cheeseburger
20,McDonald's,Beef Burger Deluxe
21,McDonald's,Beef Burger
22,McDonald's,Ayam McD Gulai
23,McDonald's,Korean Soy Garlic Wings 
24,McDonald's,Ayam Krispy McDonald's
25,McDonald's,Ayam Spicy McDonald's
26,McDonald's,Honey Garlic Chicken Rice McD
27,McDonald's,Rica-rica Chicken Rice McD
28,McDonald's,Chicken Burger Deluxe
29,McDonald's,Chicken Burger
30,McDonald's,McSpicy‚Ñ¢
31,McDonald's,McChicken
32,McDonald's,McNuggets
33,McDonald's,Chicken Snack Wrap
34,McDonald's,Spicy Chicken Bites
35,McDonald's,Chicken Fingers
36,McDonald's,Fish Snack Wrap
37,McDonald's,Fish Fillet Burger
38,McDonald's,Honey Garlic Fish Rice McD
39,McDonald's,Rica-rica Fish Rice McD
40,McDonald's,Double Choco Pie
41,McDonald's,Double Choco Pie A la Mode Chocolate
42,McDonald's,Double Choco Pie A la Mode Strawberry
43,McDonald's,Hershey's McFlurry with Choco Balls
44,McDonald's,Hershey's McFlurry with Choco Crumbs
45,McDonald's,Apple Pie
46,McDonald's,McFlurry feat. Oreo
47,McDonald's,McFlurry Choco
48,McDonald's,Strawberry Sundae
49,McDonald's,Chocolate Sundae
50,McDonald's,Ice Cream Cone
51,McDonald's,Choco Top
52,McDonald's,Happy Meal Egg & Cheese Muffin
53,McDonald's,Happy Meal 4 pcs McNuggets
54,McDonald's,Happy Meal Chicken Burger
55,McDonald's,Happy Meal Ayam McD
56,McDonald's,Happy Meal Beef Burger
57,McDonald's,Affogato
58,McDonald's,Cheese Stick
59,McDonald's,Butter Croissant
60,McDonald's,Banana Muffin
61,McDonald's,Choco Chip Muffin
62,McDonald's,Cheese Croissant
63,McDonald's,Tuna Puff Pastry
64,McDonald's,Chicken Curry Puff
65,McDonald's,Choco Lover
66,McDonald's,Smoked Beef and Cheese Panini
67,McDonald's,Chicken Blackpepper Focaccia
68,McDonald's,Klepon Cake
69,McDonald's,Lemon Cake
70,McDonald's,French Fries
71,McDonald's,Sweet Corn
72,KFC,Sweet Spicy K-Chicken
73,KFC,Rendang Chicken
74,KFC,Don Series With Egg
75,KFC,Black Sesame Sweet Balls 2 Pcs
76,KFC,Black Sesame Sweet Balls 4 Pcs
77,KFC,Chicken
78,KFC,Crispy Strips
79,KFC,KFC Winger
80,KFC,Snack Bucket BBQ 1
81,KFC,Snack Bucket BBQ 2
82,KFC,Winger Bucket
83,KFC,Veggie Ball
84,KFC,Yakiniku Don
85,KFC,Crispy Burger
86,KFC,Oriental Don
87,KFC,Beijing Don
88,KFC,Spicy Chili Don Putih
89,KFC,Cream Soup
90,KFC,Alacarte Egg
91,KFC,Spaghetti deluxe
92,KFC,Pudding
93,KFC,KFC Soup
94,KFC,OR Burger Single
95,KFC,Fun Fries
96,KFC,OR Burger Double
97,KFC,Colonel Burger
98,KFC,Twisty
99,KFC,French Fries 
100,KFC,Perkedel
101,KFC,Cream Puff 
102,KFC,Fish Burger
103,KFC,Spaghetti Supreme
104,KFC,Colonel Yakiniku Rice
105,KFC,Donut
106,KFC,Pukis 
107,Pizza Hut,BEEF BBQ
108,Pizza Hut,CHEESY FRANK
109,Pizza Hut,MEATY
110,Pizza Hut,CREAMY CHICKEN
111,Pizza Hut,TASTY TUNA
112,Pizza Hut,CHEESY BEEF SPAGHETTI
113,Pizza Hut,MAC 'N CHEESE
114,Pizza Hut,CHICKEN FETTUCCINE ALLA ITALIA
115,Pizza Hut,RICE OMELETTE
116,Pizza Hut,CHICKEN DELIGHT
117,Pizza Hut,CHEESY DOUGH BALL
118,Pizza Hut,BEEF SAUSAGE BITES
119,Pizza Hut,CHICKEN STICKS
120,Pizza Hut,CHOCOCHIZ TOAST
121,Pizza Hut,POTATO WEDGES
122,Pizza Hut,SPLITZA
123,Pizza Hut,FRANKFURTER BBQ
124,Pizza Hut,CHEESEBURGER
125,Pizza Hut,MEAT MONSTA
126,Pizza Hut,SUPER SUPREME
127,Pizza Hut,MEAT LOVERS
128,Pizza Hut,PEPPERONI
129,Pizza Hut,AMERICAN FAVOURITE
130,Pizza Hut,TUNA MELT
131,Pizza Hut,CHEESE LOVERS
132,Pizza Hut,CHEESE OVERLOAD
133,Pizza Hut,VEGGIE GARDEN
134,Pizza Hut,CHOOSE YOUR CRUST!
135,Pizza Hut,BEEF ARABIATA
136,Pizza Hut,CLASSIC SALMON MENTAIKO
137,Pizza Hut,CREAMY TRUFFLE
138,Pizza Hut,CUMI CABE IJO
139,Pizza Hut,ORIENTAL CHICKEN SPAGHETTI
140,Pizza Hut,TUNA AGLIO OLIO
141,Pizza Hut,BLACK PEPPER CHICKEN FETTUCCINE
142,Pizza Hut,FLAMING HOT CHICKEN / PRAWN
143,Pizza Hut,CREAMY BEEF / CHICKEN CLASSIC FETTUCCINE
144,Pizza Hut,BEEF SPAGHETTI
145,Pizza Hut,BEEF LASAGNA
146,Pizza Hut,CHEESE-BEEF FUSILLI
147,Pizza Hut,ORIENTAL CHICKEN
148,Pizza Hut,MEATBALL BEEF MUSHROOM SAUCE
149,Pizza Hut,BLACK PEPPER CHICKEN
150,Pizza Hut,CHICKEN BITES
151,Pizza Hut,WINGSTREET
152,Pizza Hut,NEW ORLEANS CHICKEN WINGS
153,Pizza Hut,BAKED CHICKEN CHUNKS
154,Pizza Hut,SAUSAGE PASTRY ROLL
155,Pizza Hut,NACHO CHEESE
156,Pizza Hut,PUUF PASTRY MUSHROOM CREAM SOUP
157,Pizza Hut,GARLIC BREAD
158,Pizza Hut,CHICKEN ROYALE
159,Pizza Hut,DELUXE BEEF BRUSCHETTA
160,Pizza Hut,DELUXE CHICKEN BRUSCHETTA
161,Pizza Hut,GARLICHEESE BREAD
162,Pizza Hut,CHEESE ROLLS
163,Pizza Hut,CHOCO PUFF
164,Pizza Hut,POTATO WEDGES
165,Pizza Hut,CHEESE MARTABAK PIZZA
166,Pizza Hut,FRESH SALAD
167,PHD,BEEF BBQ
168,PHD,CHEESY FRANK
169,PHD,MEATY
170,PHD,CREAMY CHICKEN
171,PHD,TASTY TUNA
172,PHD,CHEESY BEEF SPAGHETTI
173,PHD,MAC 'N CHEESE
174,PHD,CHICKEN FETTUCCINE ALLA ITALIA
175,PHD,RICE OMELETTE
176,PHD,CHICKEN DELIGHT
177,PHD,CHEESY DOUGH BALL
178,PHD,BEEF SAUSAGE BITES
179,PHD,CHICKEN STICKS
180,PHD,CHOCOCHIZ TOAST
181,PHD,POTATO WEDGES
182,PHD,SPLITZA
183,PHD,FRANKFURTER BBQ
184,PHD,CHEESEBURGER
185,PHD,MEAT MONSTA
186,PHD,SUPER SUPREME
187,PHD,MEAT LOVERS
188,PHD,PEPPERONI
189,PHD,AMERICAN FAVOURITE
190,PHD,TUNA MELT
191,PHD,CHEESE LOVERS
192,PHD,CHEESE OVERLOAD
193,PHD,VEGGIE GARDEN
194,PHD,CHOOSE YOUR CRUST!
195,PHD,BEEF ARABIATA
196,PHD,CLASSIC SALMON MENTAIKO
197,PHD,CREAMY TRUFFLE
198,PHD,CUMI CABE IJO
199,PHD,ORIENTAL CHICKEN SPAGHETTI
200,PHD,TUNA AGLIO OLIO
201,PHD,BLACK PEPPER CHICKEN FETTUCCINE
202,PHD,FLAMING HOT CHICKEN / PRAWN
203,PHD,CREAMY BEEF / CHICKEN CLASSIC FETTUCCINE
204,PHD,BEEF SPAGHETTI
205,PHD,BEEF LASAGNA
206,PHD,CHEESE-BEEF FUSILLI
207,PHD,ORIENTAL CHICKEN
208,PHD,MEATBALL BEEF MUSHROOM SAUCE
209,PHD,BLACK PEPPER CHICKEN
210,PHD,CHICKEN BITES
211,PHD,WINGSTREET
212,PHD,NEW ORLEANS CHICKEN WINGS
213,PHD,BAKED CHICKEN CHUNKS
214,PHD,SAUSAGE PASTRY ROLL
215,PHD,NACHO CHEESE
216,PHD,PUUF PASTRY MUSHROOM CREAM SOUP
217,PHD,GARLIC BREAD
218,PHD,CHICKEN ROYALE
219,PHD,DELUXE BEEF BRUSCHETTA
220,PHD,DELUXE CHICKEN BRUSCHETTA
221,PHD,GARLICHEESE BREAD
222,PHD,CHEESE ROLLS
223,PHD,CHOCO PUFF
224,PHD,POTATO WEDGES
225,PHD,CHEESE MARTABAK PIZZA
226,PHD,FRESH SALAD
227,Domino's Pizza,CRISPY TORTILLA CHIPS
228,Domino's Pizza,TASTY STUFFED POCKET SPICY CHICKEN SAUSAGE WITH CHEESE
229,Domino's Pizza,TASTY STUFFED POCKET SPICY CHICKEN SAUSAGE
230,Domino's Pizza,TASTY STUFFED POCKET PEPPERY BEEF SAUSAGE WITH CHEESE
231,Domino's Pizza,TASTY STUFFED POCKET PEPPERY BEEF SAUSAGE
232,Domino's Pizza,CHOCOLATE LAVA
233,Domino's Pizza,CHOCO BREAD STICKS
234,Domino's Pizza,BEEF & RICE
235,Domino's Pizza,CHICKEN & RICE
236,Domino's Pizza,SPICY TUNA MAC'N CHEESE
237,Domino's Pizza,CHICKEN CREAMY SPAGHETTI
238,Domino's Pizza,CHICKEN CREAMY SPAGHETTI WITH CHEESE
239,Domino's Pizza,BEEF PEPPER SPAGHETTI
240,Domino's Pizza,MEATBALL MARINARA SPAGHETTI
241,Domino's Pizza,1 PIECE KOREAN SWEET HEAT K-PASTA
242,Domino's Pizza,MAC'N TRUFLLE ALFREDO BEEF
243,Domino's Pizza,BEEF PEPPER SPAGHETTI WITH CHEESE
244,Domino's Pizza,AMERICAN MAC'N CHEESE
245,Domino's Pizza,WINGCHUJANG CHIKIN
246,Domino's Pizza,HABANERO BONELESS WINGS
247,Domino's Pizza,CHICK AND CHEESE RING
248,Domino's Pizza,CRISPY CHICKEN STRIPS 
249,Domino's Pizza,CHICKEN WINGS
250,Domino's Pizza,CHEESY CALZONE STICKS
251,Domino's Pizza,PIECES SEOUL CHEESE SAUSAGE ROLL
252,Domino's Pizza,CHEESY BREAD 
253,Domino's Pizza,GARLIC CHEESY ROLLS 
254,Domino's Pizza,BREAD STICKS 
255,Domino's Pizza,AMERICAN PIE SUPER MEATY BOLOGNESE
256,Domino's Pizza,AMERICAN PIE SUPREME CHEESY
257,Domino's Pizza,GRILLED BEEF SUPREME
258,Domino's Pizza,CHEESY MEATBALL BLAST
259,Domino's Pizza,ULTIMATE CHEESE MELT
260,Domino's Pizza,NEWYORKER ALFREDO BEEF MUSHROOM TRUFFLE
261,Domino's Pizza,NEWYORKER ALFREDO CHICKEN MUSHROOM TRUFFLE
262,Domino's Pizza,AMERICAN FRANKIE SAUSAGE
263,Domino's Pizza,ULTIMATE MEAT OVERLOAD
264,Domino's Pizza,GOCHUJANG BEEF BLAST
265,Domino's Pizza,AMERICAN CLASSIC CHEESEBURGER
266,Domino's Pizza,AMERICAN ALL STAR
267,Domino's Pizza,CHICKEN LOVERS
268,Domino's Pizza,CHEESE MANIA
269,Domino's Pizza,EXTRAVAGANZZA
270,Domino's Pizza,MEATZZA
271,Domino's Pizza,VEGGIE MANIA
272,Domino's Pizza,CHICKEN DELIGHT
273,Domino's Pizza,DOUBLE BEEF BURGER
274,Domino's Pizza,BEEF PEPPERONI FEAST
275,Domino's Pizza,TUNA DELIGHT
276,Domino's Pizza,MEAT & MEAT
277,Domino's Pizza,MARGHERITA
278,Domino's Pizza,BEEF DELIGHT
279,Domino's Pizza,CHEESY SAUSAGE
280,Domino's Pizza,CHICKEN PEPPERONI FEAST
281,Domino's Pizza,BEEF RASHER
282,Domino's Pizza,K-LOVERS PIZZA
283,Domino's Pizza,CHEESY BEEF
284,Domino's Pizza,CREAMY CHICKEN
285,Domino's Pizza,CHICKEN BBQ
286,Burger King,Ayam Madura
287,Burger King,BBQ Beef Rasher Supreme
288,Burger King,Ayam 
289,Burger King,Cheeseburger
290,Burger King,Chicken Cheeseburger
291,Burger King,Beef Burger
292,Burger King,Cheese Whopper¬Æ Jr
293,Burger King,Chicken Burger
294,Burger King,Ayam Spicy 
295,Burger King,Crispy Chicken [ Wings / Drumstick ]
296,Burger King,Mozzarella Cheeseburger
297,Burger King,Bbq Beef Burger
298,Burger King,Cheeseburger Supreme
299,Burger King,Cheese Whopper¬Æ
300,Burger King,Spicy Cheese Whopper¬Æ JR üå∂Ô∏è
301,Burger King,Cheese Whopper¬Æ JR
302,Burger King,Mozzarella Cheeseburger
303,Burger King,Double Cheeseburger
304,Burger King,Cheeseburger XL
305,Burger King,Mozzarella Cheeseburger XL Burger
306,Burger King,Royal Chicken Burger
307,Burger King,Whopper¬Æ
308,Burger King,Tropical Whopper¬Æ 
309,Burger King,Tropical Whopper¬Æ Jr 
310,Burger King,Paket Tropical Whopper¬Æ Medium
311,Burger King,Paket Tropical Whopper¬Æ Jr Regular
312,Burger King,King Box Tropical Whopper¬Æ Medium
313,Burger King,King Box Tropical Whopper¬Æ Jr Regular
314,Burger King,BBQ Angus Burger
315,Burger King,Cheese Lava Angus Burger
316,Burger King,Paket BBQ Angus Burger Medium
317,Burger King,Paket Cheese Lava Angus Burger Medium
318,Burger King,King Box BBQ Angus Burger Medium
319,Burger King,King Box Cheese Lava Angus Burger Medium
320,Burger King,1 pc Ayam Crispy
321,Burger King,King Fusion Nastar Crumble
322,Burger King,Medium Fries
323,Burger King,Jalapeno Cheesy Fries
324,Burger King,Fries Large
325,Burger King,King Fusion Cookies 'n Cream
326,Burger King,Choco Pie
327,Burger King,Chessy Fries Medium
328,Burger King,Fusion Kitkat¬Æ
329,Burger King,Milo Dinosaur Regular
330,Burger King,Milo Cookies & Cream Regular
331,Wendy's,Steakhouse Cheeseburger 
332,Wendy's,Stacker
333,Wendy's,Dave's
334,Wendy's,Cheese Beefanator
335,Wendy's,Homestyle Chicken
336,Wendy's,Spicy Nanban Chicken Burger
337,Wendy's,Fried Chicken
338,Wendy's,Spicy Chicken Nanban
339,Wendy's,French Fries
340,Wendy's,Waffle Fries
341,Wendy's,Beef Burger
342,Wendy's,Cheeseburger
343,Wendy's,Beef Burger Deluxe
344,Wendy's,Crispy Chicken Burger
345,Wendy's,Cheese Crispy Chicken
346,Wendy's,Cheese Fries Bolognese
347,Wendy's,Beef Spaghetti Bolognese
348,Wendy's,Beef Chili
349,Wendy's,Chili with Rice
350,Wendy's,Chili Cheese Fries
351,Wendy's,Macaroni Melt 'N Cheese
352,Wendy's,Premium Garden Salad
353,Wendy's,Chicken Soup
354,Wendy's,Chicken Strip
355,Wendy's,Sambal Matah Chicken Rice
356,Wendy's,Spicy Chicken Nanban Rice Bowl
357,Wendy's,Baked Potato Cheese n' Cheese
358,Wendy's,Baked Potato Broccoli n' Cheese
359,Wendy's,Baked Potato Bolognese
360,Wendy's,Baked Potato Carbonara
361,Wendy's,Potato Pie Cheese
362,Wendy's,Potato Pie Carbonara
363,Carl's Jr.,CJ Chicken
364,Carl's Jr.,CJ Chicken Sambal Bawang
365,Carl's Jr.,CJ Chicken Spicy Delight 
366,Carl's Jr.,Western Beefbac Cheeseburger
367,Carl's Jr.,Portobello Mushroom
368,Carl's Jr.,Hawaiian Beef Burger
369,Carl's Jr.,Memphis BBQ
370,Carl's Jr.,Famous Star
371,Carl's Jr.,Double Western Beefbac Cheeseburger
372,Carl's Jr.,Superstar with Cheese
373,Carl's Jr.,Cheeseburger
374,Carl's Jr.,BBQ Burger
375,Carl's Jr.,California Classic
376,Carl's Jr.,Crispy Chicken Burger
377,Carl's Jr.,Chicken Tender Burger
378,Carl's Jr.,Hawaiian Chicken
379,Carl's Jr.,Mushroom Bites with Classic Sauce
380,Carl's Jr.,Beefbac BBQ Cheese Fries (R)
381,Carl's Jr.,Beefbac Double Cheese Fries (R)
382,Carl's Jr.,Chili Cheese Fries (R)
383,Carl's Jr.,Onion Rings
384,Carl's Jr.,Skin-on Fries (M)
385,Carl's Jr.,Chicken Tender 
386,Carl's Jr.,Sundae
387,Carl's Jr.,Ice Cream Shakes
388,J.CO Donuts & Coffee,CHEESE STRIP 
389,J.CO Donuts & Coffee,CHOCO STRIP 
390,J.CO Donuts & Coffee,Jcronut 1Dzn
391,J.CO Donuts & Coffee,DONUTS 1/2 DZN
392,J.CO Donuts & Coffee,DONUTS 1 DZN
393,J.CO Donuts & Coffee,DONUTS 2 DZN
394,J.CO Donuts & Coffee,JPOP 2 DZN
395,J.CO Donuts & Coffee,Jclub 1/2 dzn
396,J.CO Donuts & Coffee,1 Box Jpops DIY
397,J.CO Donuts & Coffee,Jcool To Go
398,J.CO Donuts & Coffee,Cheezy Rich
399,J.CO Donuts & Coffee,Caramel Almond
400,J.CO Donuts & Coffee,St Choco
401,J.CO Donuts & Coffee,Cashew Crunchy
402,J.CO Donuts & Coffee,Cashew Original
403,J.CO Donuts & Coffee,Golden Nastar
404,J.CO Donuts & Coffee,Jcoffee drip 1 box
405,J.CO Donuts & Coffee,Red Velvet
406,J.CO Donuts & Coffee,Black Forest
407,J.CO Donuts & Coffee,Red Velvet Cheese
408,J.CO Donuts & Coffee,Jcroffle
409,Starbucks,Mexican Beef Sausage Sandwich
410,Starbucks,Klappertaart Cake
411,Starbucks,Egg Mayo Breakfast Sandwich
412,Starbucks,Kolak Ubi Cake
413,Starbucks,Sweet Dates Cookie
414,Starbucks,Butter Croissant
415,Starbucks,Cinnamon Rolls
416,Starbucks,Peanut Butter Panini Sandwich
417,Starbucks,Classic Dark Chocolate
418,Starbucks,Raisin Oatmeal Scones
419,Starbucks,Cheese Quiche
420,Starbucks,Chocolate Croissant
421,Starbucks,Tuna Cheese Whole Wheat Panini
422,Starbucks,Via Red Velvet
423,Starbucks,Beef Filone Sandwich
424,Starbucks,New york cheese cake
425,Starbucks,Smoked Beef Quiche
426,Starbucks,Scarlet Velvet Cake
427,Starbucks,Espresso Brownies
428,Starbucks,Smoked Beef Mushroom & Cheese Panini
429,Starbucks,Classic Tuna Toastie
430,Starbucks,Almond Croissant
431,Starbucks,Cookies
432,Starbucks,Tuna Puff
433,Starbucks,Spicy Tuna Bread
434,Starbucks,Beef Sausage & Cheese Croissant
435,Dunkin' Donuts,Paket 12 donut dan DD Card 2023
436,Dunkin' Donuts,Scramble Egg with Cheese
437,Dunkin' Donuts,Smoked Chicken with Cheese
438,Dunkin' Donuts,Smoked Beef with Cheese
439,Dunkin' Donuts,Smoked Chicken with Egg and Cheese
440,Dunkin' Donuts,Smoked Beef with Egg and Cheese
441,Dunkin' Donuts,"Ddoffle Isi 3 (Original, Cheese, Cinnamon)"
442,Dunkin' Donuts,Donut paket 6
443,Dunkin' Donuts,Donut paket 12
444,Dunkin' Donuts,Donut fancy
445,Baskin-Robbins,2 pint
446,Baskin-Robbins,SINGLE SCOOP CUP + MILKY LOVERS
447,Baskin-Robbins,6 SINGLE SCOOP + 2 TOPING
448,Baskin-Robbins,2 SINGLE SCOOP
449,Baskin-Robbins,2 VALUE SCOOP
450,Baskin-Robbins,2 DOUBLE SCOOP
451,Baskin-Robbins,2 TRIPLE SCOOP
452,Baskin-Robbins,1 Quart
453,Baskin-Robbins,1 Pint
454,Baskin-Robbins,1 Half Gallon
455,Baskin-Robbins,SINGLE SCOOP CUP + MILKY LOVERS
456,Baskin-Robbins,2 pint
457,Baskin-Robbins,6 SINGLE SCOOP + 2 TOPING
458,Baskin-Robbins,2 SINGLE SCOOP
459,Baskin-Robbins,2 VALUE SCOOP
460,Baskin-Robbins,2 DOUBLE SCOOP
461,Baskin-Robbins,2 TRIPLE SCOOP
462,Baskin-Robbins,"Single Scoop 2,5 Oz"
463,Baskin-Robbins,Value Scoop 4 Oz
464,Baskin-Robbins,Macaroon Ice Cake Cup
465,Baskin-Robbins,Double Scoop 5 Oz
466,Baskin-Robbins,"Triple Scoop 7,5 Oz"
467,Baskin-Robbins,1 Pint
468,Baskin-Robbins,1 Quart
469,Baskin-Robbins,1 Half Gallon
470,Baskin-Robbins,2 Scoop Sundae
471,Baskin-Robbins,3 Scoop Sundae
472,Baskin-Robbins,Snowman
473,Baskin-Robbins,Fun Sundae - Value
474,Baskin-Robbins,Snowboy
475,Baskin-Robbins,Dream Milk Cereal Bar
476,Baskin-Robbins,Milky Lovers
477,Baskin-Robbins,1 Quart
478,Baskin-Robbins,1 Pint
479,Baskin-Robbins,1 Half Gallon
480,Baskin-Robbins,Heart Cake Mini
481,Baskin-Robbins,Fudge Nut
482,Baskin-Robbins,Round Cake
483,Baskin-Robbins,Full Sheet Cake
484,Baskin-Robbins,1/2 Sheet Cake
485,Baskin-Robbins,Round Cake Mini
486,Cold Stone,Very Vanilla
487,Cold Stone,2 Vanilla Signature Ice Cream
488,Cold Stone,Neapolitan
489,Cold Stone,Quilted Coffee Caramel
490,Cold Stone,Chocolate Cake with Cadbury
491,Cold Stone,Pure Decadence Ice Cream Cake (Large)
492,Cold Stone,Ice Cream Cake
493,Cold Stone,3 Dessert Box Package
494,Cold Stone,Pure Decadence Ice Cream Cake (Medium)
495,Cold Stone,2 To Go Mine Ice Cream
496,Cold Stone,3 Cups Signature Ice Cream
497,Cold Stone,3 Cups Plain Ice Cream
498,Cold Stone,2 Shakes
499,Cold Stone,Ice Cream Bars Package 4
500,Cold Stone,Chocolate Cake with Cadbury
501,Cold Stone,Pure Decadence Ice Cream Cake (Large)
502,Cold Stone,Ice Cream Cake
503,Cold Stone,3 Dessert Box Package
504,Cold Stone,Pure Decadence Ice Cream Cake (Medium)
505,Cold Stone,Cookie Delight Cake Box
506,Cold Stone,Berries Layered Cake Box
507,Cold Stone,160K for 1 Liter Ice Cream
508,Cold Stone,2 To Go Mine Ice Cream
509,Cold Stone,3 Cups Signature Ice Cream
510,Cold Stone,3 Cups Plain Ice Cream
511,Cold Stone,2 Shakes
512,Cold Stone,Sundae Jars Package 6
513,Cold Stone,Sundae Jars Package 3
514,Cold Stone,Sundae Bar Mini
515,Cold Stone,Mint Mint Chocolate Chocolate Chip
516,Cold Stone,Red Velvet Cheesecake
517,Cold Stone,Fudge Truffle
518,Cold Stone,Crunchy Pistachio
519,Cold Stone,Cotton Candy
520,Cold Stone,Ice Cream Bars Package 4
521,Cold Stone,Cookie Butter Delight
522,Cold Stone,Very Vanilla
523,Cold Stone,2 Vanilla Signature Ice Cream
524,Cold Stone,Neapolitan
525,Cold Stone,Quilted Coffee Caramel
526,Cold Stone,Banana Split Decision
527,Cold Stone,Hunka Chunka Burnin Fudge
528,Cold Stone,Who You Callin Shortcake
529,Cold Stone,2 To Go Ice Cream x 1 Liter
530,Cold Stone,Double Chocolate Cake with Cadbury Dessert Box
531,Cold Stone,Red Velvet Cheesecake Dessert Box
532,Cold Stone,Creamy OREO Delight Dessert Box
533,Cold Stone,Love It
534,Cold Stone,Gotta Have It
535,Cold Stone,Mine
536,Cold Stone,Ours
537,Cold Stone,Pure Decadence
538,Cold Stone,Red Velvet Cheesecake Ice Cream Like It Size
539,Cold Stone,Red Velvet Dream
540,Cold Stone,Cookie Doughn't You Want Some
541,Cold Stone,Banana Caramel Crunch
542,Cold Stone,Chocolate Devotion
543,Cold Stone,Peanut Butter Cup Perfection
544,Cold Stone,Strawberry Banana Rendezvouz
545,Cold Stone,Our Strawberry Blonde
546,Cold Stone,Surrender to Strawberry
547,Cold Stone,Birthday Cake Remix
548,Cold Stone,Cake Batter Batter Batter
549,Cold Stone,Founder's Favorite
550,Cold Stone,OREO Overload
551,Cold Stone,Berry Berry Berry Good
552,Cold Stone,Mint Mint Chocolate Chocolate Chip
553,Cold Stone,Cookie Mintster
554,Cold Stone,The Pie Who Love Me
555,Cold Stone,Cheesecake Fantasy
556,Cold Stone,Mud Pie Mojo
557,Cold Stone,Coffee Lovers Only
558,Cold Stone,Shocking Green
559,Cold Stone,Cookie Dough Delirium Medium Round
560,Cold Stone,Cookies and Creamery Medium Round
561,Cold Stone,Chocolate Chipper Medium Round
562,Cold Stone,Midnight Delight Medium Round
563,Cold Stone,Coffee House Crunch Medium Round
564,Cold Stone,Strawberry Passion Medium Round
565,Cold Stone,Red Velvet Cheesecake Medium Round
566,Cold Stone,Peanut Butter Playground Medium Round
567,Cold Stone,Happy..Happy..Happy.. Birthday! Medium Round
568,Dairy Queen,Bundling 3 Blizzard¬Æ
569,Dairy Queen,Bundle 2 Pint 473ml
570,Dairy Queen,Oreo¬Æ Blizzard¬Æ Cake design 1
571,Dairy Queen,dilly bar vanila
572,Dairy Queen,Bundling 3 Blizzard¬Æ
573,Dairy Queen,Bundle 2 Pint 473ml
574,Dairy Queen,Noccio Peanut Butter & jelly Blizzard
575,Dairy Queen,Peanut Butter & Crunch Blizzard¬Æ
576,Dairy Queen,Oreo¬Æ Blizzard¬Æ Cake design 1
577,Dairy Queen,Ovomaltine¬Æ Brownie Blizzard¬Æ Cake
578,Dairy Queen,Oreo¬Æ Blizzard ¬Æ Cake design 2
579,Dairy Queen,Oreo¬Æ Blizzard¬Æ
580,Dairy Queen,Choco Extreme Blizzard¬Æ
581,Dairy Queen,Ovomaltine¬Æ Blizzard¬Æ
582,Dairy Queen,Strawberry Blizzard¬Æ
583,Dairy Queen,Green Tea Blizzard¬Æ
584,Dairy Queen,Cappucino Blizzard¬Æ
585,Dairy Queen,Strawberry Oreo¬Æ Pint 473ml
586,Dairy Queen,Choco Xtreme Pint 473ml
587,Dairy Queen,Oreo¬Æ Pint 473ml
588,Dairy Queen,Vanilla Pint 473ml
589,Dairy Queen,dilly bar vanila
590,Dairy Queen,dilly bar oreo¬Æ
591,Dairy Queen,Original Dog
592,Dairy Queen,Cheese Dog
593,Pizza Marzano,American
594,Pizza Marzano,Funghi Di Bosco
595,Pizza Marzano,Margherita
596,Pizza Marzano,Trifolata
597,Pizza Marzano,Classic Pizza
598,Pizza Marzano,Pizza Party
599,Pizza Marzano,Chicago
600,Pizza Marzano,Quatro Formagi
601,Pizza Marzano,Rosemary & Garlic FlatBread
602,Pizza Marzano,Baked Mushroom Pesto Mozarella
603,Pizza Marzano,Calamari
604,Pizza Marzano,Baked Chicken Wings
605,Pizza Marzano,Mushroom Dip & Flatbread
606,Pizza Marzano,Arancini with Mushroom Sauce
607,Pizza Marzano,Baked Potato Wedges
608,Pizza Marzano,Garlic Bread With Mozarella
609,Pizza Marzano,Baked Dough Balls
610,Pizza Marzano,Dough Ball Formagi
611,Pizza Marzano,Penne and Cheese
612,Pizza Marzano,Spaghetti Gambaretti
613,Pizza Marzano,Spaghetti Aglio Olio
614,Pizza Marzano,Spaghetti Pollo e Funghi
615,Pizza Marzano,Fettucini Carbonara
616,Pizza Marzano,Spaghetti Bolognese
617,Pizza Marzano,Spaghetti Tartufo
618,Pizza Marzano,Fettucini Salmon Pesto
619,Pizza Marzano,Spaghetti Peri and Prawn
620,Pizza Marzano,Lasagna Classica
621,Pizza Marzano,Mixed Salad
622,Pizza Marzano,Roasted Salmon Salad
623,Pizza Marzano,Tuna Salad
624,Pizza Marzano,Benevento Salad
625,Pizza Marzano,Grand Chicken Caesar
626,Pizza Marzano,Smoked Duck and Orange Salad
627,Pizza Marzano,Hot Honey Chicken & Pepperoni
628,Pizza Marzano,La Regina
629,Pizza Marzano,Peking Duck
630,Pizza Marzano,Salmon & Spinach Cream
631,Pizza Marzano,Portabelo Kale
632,Pizza Marzano,Milano
633,Pizza Marzano,Quatro Carni
634,Pizza Marzano,BBQ Rasher and Mushrooms
635,Pizza Marzano,Chicken Teriyaki Mayo
636,Pizza Marzano,Salami Con Pesto
637,Pizza Marzano,Tonno Forza
638,Pizza Marzano,IL Padrino
639,Pizza Marzano,Carbonara
640,Pizza Marzano,Spicy Chicken
641,Pizza Marzano,Mushroom Pesto
642,Pizza Marzano,Calzone Salami
643,Pizza Marzano,Pennette Pollo Pesto
644,Pizza Marzano,Big Classic Prawn & Potato Chili Sambal Pizza
645,Pizza Marzano,Lasagna Rendang
646,Pizza Marzano,Calzone Rendang
647,Pizza Marzano,Salted Caramell Pannacotta
648,Texas Chicken,Royal Herbs Platter
649,Texas Chicken,Royal Herbs Fries
650,Texas Chicken,Ayam Royal Herbs
651,Texas Chicken,Nasi Briyani
652,Texas Chicken,Hibiscus Tea
653,Texas Chicken,Royal Herbs Platter
654,Texas Chicken,Royal Herbs Fries
655,Texas Chicken,Honey Butter Biscuit 
656,Texas Chicken,Fries
657,Texas Chicken,Nasi Goreng
658,Texas Chicken,Ati & Ampela
659,Texas Chicken,Coleslaw
660,Texas Chicken,Mashed Potatoes
661,Texas Chicken,Chicken Skin & Saus Gravy
662,Texas Chicken,Jr. Mexicana Burger
663,Texas Chicken,Zesty Crunch Wrap
664,Texas Chicken,Mexicana Wrap
665,Texas Chicken,Ayam (ORI/SPC)
666,Texas Chicken,Tender (ORI/SPC)
667,Texas Chicken,Herb & Garlic Fries
668,Texas Chicken,Chilli Paprika Platter
669,Texas Chicken,Ayam 3 Rasa 
670,Texas Chicken,Ayam Glazed Herb & Garlic
671,Texas Chicken,Chocolate Sundae
672,Texas Chicken,Strawberry Sundae
673,Texas Chicken,Chocolate Shortcake
674,Texas Chicken,Strawberry Shortcake
675,Popeyes Louisiana Kitchen,Classic Chicken Sandwich
676,Popeyes Louisiana Kitchen,Bulgogi BBQ Chicken Rice Bowl with Egg
677,Popeyes Louisiana Kitchen,Classic Chicken
678,Popeyes Louisiana Kitchen,Louisiana Grilled Chicken 
679,Popeyes Louisiana Kitchen,New Orleans Spicy Chicken 
680,Popeyes Louisiana Kitchen,Onion Ring Medium
681,Popeyes Louisiana Kitchen,Cajun Fries Medium
682,Popeyes Louisiana Kitchen,Chicken Popcorn Garlic Parmesan
683,Popeyes Louisiana Kitchen,Spicy Chicken Sandwich 
684,Popeyes Louisiana Kitchen,Chicken Wings Bulgogi BBQ
685,Popeyes Louisiana Kitchen,Cajun Rice 
686,Popeyes Louisiana Kitchen,Bulgogi BBQ Chicken Rice Bowl with Egg
687,Popeyes Louisiana Kitchen,Asian Sweet & Sour Chicken Rice Bowl with Egg
688,Popeyes Louisiana Kitchen,Bulgogi BBQ Chicken Cajun Rice Bowl with Egg
689,Popeyes Louisiana Kitchen,Asian Sweet & Sour Chicken Cajun Rice Bowl with Egg
690,Popeyes Louisiana Kitchen,Bulgogi BBQ Chicken Rice Bowl
691,Popeyes Louisiana Kitchen,Asian Sweet & Sour Chicken Rice Bowl
692,Popeyes Louisiana Kitchen,Bulgogi BBQ Chicken Cajun Rice Bowl
693,Popeyes Louisiana Kitchen,Asian Sweet & Sour Chicken Cajun Rice Bowl
694,Popeyes Louisiana Kitchen,Chicken Popcorn Japanese Nori
695,Popeyes Louisiana Kitchen,Chicken Popcorn Cajun
696,Popeyes Louisiana Kitchen,Chicken Popcorn Classic
697,Popeyes Louisiana Kitchen,Chicken Popcorn Garlic Parmesan
698,Popeyes Louisiana Kitchen,Buttermilk Classic Chicken Strips
699,Popeyes Louisiana Kitchen,Buttermilk Chicken Strips
700,Popeyes Louisiana Kitchen,Chicken Wings New Orleans Hot sauce
701,Popeyes Louisiana Kitchen,Chicken Wings Asian Sweet & Sour
702,Popeyes Louisiana Kitchen,Chicken Wings Bulgogi BBQ
703,Popeyes Louisiana Kitchen,Chicken Wings New Orleans Hot sauce
704,Popeyes Louisiana Kitchen,Onion Ring 
705,Popeyes Louisiana Kitchen,Mashed Potato Chicken Gravy
706,Popeyes Louisiana Kitchen,Cajun Fries 
707,Popeyes Louisiana Kitchen,Round Sunny Side Egg
708,Popeyes Louisiana Kitchen,Bulgogi BBQ Sauce
709,Popeyes Louisiana Kitchen,Cajun Rice 
710,A&W Restaurants,CHILI LAVA - Chicken 
711,A&W Restaurants,"CHILI LAVA - Chicken, Beef "
712,A&W Restaurants,CHILI LAVA - Deluxe Burger
713,A&W Restaurants,Durian Balls Mountain Sundae
714,A&W Restaurants,Durian Balls
715,A&W Restaurants,MUSHROOM - Chicken & Steak
716,A&W Restaurants,MUSHROOM - Chicken & Scrambled Eggs
717,A&W Restaurants,MUSHROOM - Double Steak & Fries
718,A&W Restaurants,SUPER - Chic Chunks & Lava Dip
719,A&W Restaurants,SUPER - Mushroom Steak & Rice
720,A&W Restaurants,Sundaes
721,A&W Restaurants,Durian Balls
722,A&W Restaurants,Golden Aroma Chicken
723,A&W Restaurants,Spicy Aroma Chicken
724,A&W Restaurants,Mozza Burger
725,A&W Restaurants,Single Deluxe Burger
726,A&W Restaurants,Cheese Burger
727,A&W Restaurants,Beef Burger
728,A&W Restaurants,Fish Sandwich
729,A&W Restaurants,Chicken Sandwich
730,A&W Restaurants,Mango Chicken Pocket
731,A&W Restaurants,Mango Veggie Pocket
732,A&W Restaurants,Veggie Burger
733,A&W Restaurants,Blackpepper Mixbowl Chicken
734,A&W Restaurants,Rice White
735,A&W Restaurants,Chicken Soup
736,A&W Restaurants,Perkedel
737,A&W Restaurants,Scrambled Eggs
738,A&W Restaurants,Sunny Egg
739,A&W Restaurants,Crispy Corn
740,A&W Restaurants,Chicken Chunks (4Pcs)
741,A&W Restaurants,Chicken Strips (3Pcs)
742,A&W Restaurants,Curly Fries
743,A&W Restaurants,French Fries
744,A&W Restaurants,Duo Fries
745,A&W Restaurants,Chunks & Fries
746,A&W Restaurants,Chunks & Curly Fries
747,A&W Restaurants,Waffle & Chicken Strip
748,A&W Restaurants,Waffle - Ice Cream
749,A&W Restaurants,Waffle - Butter
750,A&W Restaurants,Sundae
751,A&W Restaurants,Mountain Sundae
752,Shihlin Taiwan Street Snacks,XXL Crispy Chicken Blackpapper
753,Shihlin Taiwan Street Snacks,XXL Crispy Chicken Cheese
754,Shihlin Taiwan Street Snacks,XXL Crispy Chicken
755,Shihlin Taiwan Street Snacks,Seafood Tempura
756,Shihlin Taiwan Street Snacks,Popcorn Chicken
757,Shihlin Taiwan Street Snacks,Egg Crepe
758,Shihlin Taiwan Street Snacks,Crispy Salt Pepper Mushroom
759,Shihlin Taiwan Street Snacks,Sweet Plum Potato
760,CFC,Ayam
761,CFC,California Burger
762,CFC,California Cheese Burger
763,CFC,Chicken Pop (9 Pcs)
764,CFC,Chicken Strips (3 Pcs)
765,CFC,Chicken Kranz
766,CFC,Dada
767,CFC,Paha Atas
768,CFC,Sayap
769,CFC,Paha Bawah
770,CFC,Cheesy Fries
771,CFC,French Fries Regular
772,CFC,French Fries Large
773,CFC,Onion Ring
774,CFC,Perkedel
775,The Coffee Bean & Tea Leaf,Warm Chcocolate Muffin
776,The Coffee Bean & Tea Leaf,Low Fat Orange Muffin
777,The Coffee Bean & Tea Leaf,Butter Croissant
778,The Coffee Bean & Tea Leaf,Wakame Tuna Salad
779,The Coffee Bean & Tea Leaf,Chicken Parmigiana
780,The Coffee Bean & Tea Leaf,Fettucine Carbonara
781,The Coffee Bean & Tea Leaf,Aglio Oilio
782,The Coffee Bean & Tea Leaf,Pizza Meat
783,The Coffee Bean & Tea Leaf,Pizza Mushroom
784,The Coffee Bean & Tea Leaf,Steak Sandwich
785,The Coffee Bean & Tea Leaf,Quesadilla
786,The Coffee Bean & Tea Leaf,Espresso Brownie
787,The Coffee Bean & Tea Leaf,STRAWBERRY CUSTARD
788,The Coffee Bean & Tea Leaf,CARAMEL CUSTARD
789,The Coffee Bean & Tea Leaf,BROWN SUGAR CUSTARD
790,The Coffee Bean & Tea Leaf,Almond Cookies ( B )
791,The Coffee Bean & Tea Leaf,Choc Chip Cookies ( B )
792,The Coffee Bean & Tea Leaf,Triple Choc Chips Cookies (B)
793,The Coffee Bean & Tea Leaf,Almond Croissant
794,The Coffee Bean & Tea Leaf,Beef Croissant
795,The Coffee Bean & Tea Leaf,Butter Croissant
796,The Coffee Bean & Tea Leaf,Cheese Croissant
797,The Coffee Bean & Tea Leaf,Chicken Croissant
798,The Coffee Bean & Tea Leaf,Chocolate Croissant
799,The Coffee Bean & Tea Leaf,Banana Muffin
800,The Coffee Bean & Tea Leaf,Blueberry Muffin
801,The Coffee Bean & Tea Leaf,Choc Chip Muffin
802,The Coffee Bean & Tea Leaf,Low Fat Orange Muffin
803,The Coffee Bean & Tea Leaf,Almond Banana Tart
804,The Coffee Bean & Tea Leaf,Chicago Cheese Cake
805,The Coffee Bean & Tea Leaf,Choc Fudge Cake
806,The Coffee Bean & Tea Leaf,Dark Choco Cheesecake
807,The Coffee Bean & Tea Leaf,Oreo Cheese Cake
808,The Coffee Bean & Tea Leaf,Warm Chocolate Muffin
809,The Coffee Bean & Tea Leaf,Raisin Danish
810,The Coffee Bean & Tea Leaf,Swiss Choco Danish
811,The Coffee Bean & Tea Leaf,Beef Roll
812,The Coffee Bean & Tea Leaf,Newyork Sausage Roll
813,The Coffee Bean & Tea Leaf,Cakalang Roll
814,The Coffee Bean & Tea Leaf,Macaroni Schotel
815,The Coffee Bean & Tea Leaf,Beef Lasagna
816,The Coffee Bean & Tea Leaf,Beef Brisket Open SW
817,The Coffee Bean & Tea Leaf,Brek 'O' Day
818,The Coffee Bean & Tea Leaf,Long John Gyu Teriyaki
819,The Coffee Bean & Tea Leaf,Teriyaki Tori Burger
820,The Coffee Bean & Tea Leaf,Roasted Baby Chicken
821,Doner Kebab,Cheese
822,Doner Kebab,Mushroom
823,Doner Kebab,Beef Kebab
824,Doner Kebab,Chicken Kebab
825,Doner Kebab,1 Pcs Nasi Kebuli Chicken & 1 Pcs Nasi Kebuli Beef
826,Doner Kebab,Pocket Mozarella - Chicken
827,Doner Kebab,Pocket Mozarella - Beef
828,Doner Kebab,Pocket Mozarella - Lamb
829,Doner Kebab,Pocket Meat Lover - Chicken
830,Doner Kebab,Pocket Meat Lover - Beef
831,Doner Kebab,Pocket Meat Lover - Lamb
832,Doner Kebab,Pita Cheese Toast - Chicken
833,Doner Kebab,Pita Cheese Toast - Beef
834,Doner Kebab,Pita Cheese Toast - Lamb
835,Doner Kebab,Pita Beef Grill
836,Doner Kebab,Pita Fried Chicken
837,Doner Kebab,Vegetarian Kebab Large - Paket
838,Doner Kebab,D. Chicken Katsu 
839,Doner Kebab,Geprek Chicken + Kebuli Rice
840,Doner Kebab,Geprek Chicken + Rice
841,Doner Kebab,Honey Chicken + Rice
842,Doner Kebab,Karaage Chicken + Rice
843,Doner Kebab,Nasi Kebuli - Lamb
844,Doner Kebab,Nasi Kebuli - Beef
845,Doner Kebab,Nasi Kebuli - Chicken
846,Doner Kebab,Beef Grill + French Fries
847,Doner Kebab,Fish n Chips
848,Doner Kebab,Spaghetti Bolognese
849,Doner Kebab,Fried Chicken 
850,Doner Kebab,French Fries
851,Doner Kebab,Beef Kebab - R
852,Doner Kebab,Beef Kebab - L
853,Doner Kebab,Chicken Kebab - R
854,Doner Kebab,Chicken Kebab - L
855,Doner Kebab,Lamb Kebab - R
856,Doner Kebab,Lamb Kebab - L
857,Doner Kebab,Mixed Kebab - R
858,Doner Kebab,Mixed Kebab - L
859,Doner Kebab,Fish Kebab - Reguler
860,Doner Kebab,Vegetarian Kebab - R
861,Doner Kebab,Vegetarian Kebab - L
862,Krispy Kreme,Special Hampers
863,Krispy Kreme,Party Combo 2 Dozen
864,Krispy Kreme,Party Combo 3 Dozen
865,Krispy Kreme,Party Combo 4 Dozen
866,Krispy Kreme,Promo Dozen & Drinks
867,Krispy Kreme,Menu 1
868,Krispy Kreme,Menu 3
869,Krispy Kreme,Menu 2
870,Krispy Kreme,Special Hampers
871,Krispy Kreme,Party Combo 2 Dozen
872,Krispy Kreme,Party Combo 3 Dozen
873,Krispy Kreme,Party Combo 4 Dozen
874,Krispy Kreme,Promo Dozen & Drinks
875,Krispy Kreme,1 lusin Original Glazed
876,Krispy Kreme,1 lusin Premium Assorted Doughnut
877,Krispy Kreme,1 lusin Mixed Assorted Doughnut
878,Krispy Kreme,1 lusin Basic Assorted Doughnut
879,Krispy Kreme,1/2 lusin Original Glazed
880,Krispy Kreme,1/2 lusin Premium Assorted Doughnut
881,Krispy Kreme,1/2 lusin Mixed Assorted Doughnut
882,Krispy Kreme,1/2 lusin Basic Assorted Doughnut
883,Krispy Kreme,Chocolate Glazed is BACK!
884,Krispy Kreme,Magical Doughnut D√©cor Kit
885,Krispy Kreme,Krispy Kreme Doughnut D√©cor
886,Krispy Kreme,Krispy Kreme Doughnut D√©cor Rainbow
887,Wingstop,GRAB WINGSTOP CHICKEN I
888,Wingstop,GRAB WINGSTOP CHICKEN II
889,Wingstop,GRAB WINGSTOP CHICKEN III
890,Wingstop,GRAB WINGSTOP CHICKEN IV
891,Wingstop,GRAB WINGSTOP CHICKEN V
892,Wingstop,GRAB WINGSTOP CHICKEN VI
893,Wingstop,Twin Flavor Box
894,Wingstop,Family Flavor Box
895,Wingstop,Super Flavor Box
896,Wingstop,Wingstop Chicken 1 pc
897,Wingstop,Wingstop Chicken 5 pcs
898,Wingstop,Wingstop Chicken 10 pcs
899,Wingstop,Chicken Meal RICE 1
900,Wingstop,Chicken Meal RICE 2
901,Wingstop,Chicken Meal Fries 1
902,Wingstop,Chicken Meal Fries 2
903,Wingstop,Wingstop Chicken Flavor Box I
904,Wingstop,Wingstop Chicken Flavor Box II
905,Wingstop,GRAB WINGSTOP CHICKEN I
906,Wingstop,GRAB WINGSTOP CHICKEN II
907,Wingstop,GRAB WINGSTOP CHICKEN III
908,Wingstop,GRAB WINGSTOP CHICKEN IV
909,Wingstop,GRAB WINGSTOP CHICKEN V
910,Wingstop,GRAB WINGSTOP CHICKEN VI
911,Wingstop,Boneless Wings 7 Pcs
912,Wingstop,Crunchy Wings 7 pcs
913,Wingstop,Classic Wings 7 pcs
914,Wingstop,Twin Flavor Box
915,Wingstop,Family Flavor Box
916,Wingstop,Super Flavor Box
917,Wingstop,Combo Flavor Krezz Krezz
918,Wingstop,Rice Set Meal
919,Wingstop,Mixed Wings Meal
920,Wingstop,Crunchy Wings Meal
921,Wingstop,Combo Flavor Krezz Krezz
922,Wingstop,Rice Set Meal
923,Wingstop,Mixed Wings Meal
924,Wingstop,Crunchy Wings Meal
925,Wingstop,Combo Flavor Krezz Krezz
926,Wingstop,Mixed Wings Meal
927,Wingstop,Crunchy Wings Meal
928,Wingstop,Rice Set
929,Wingstop,Boneless Wings Meal
930,Wingstop,Classic Wings Meal
931,Wingstop,Flavor Krezz Krezz
932,Wingstop,Rice Set without Drink
933,Wingstop,Mixed Wings 
934,Wingstop,Boneless Wings 
935,Wingstop,Crunchy Wings 
936,Wingstop,Classic Wings 
937,Wingstop,Flavor Corn
938,Wingstop,Spicy Voodoo Fries
939,Wingstop,Cheesy Voodoo Fries
940,Wingstop,Cheese Fries
941,Wingstop,Skin On Fries
942,Wingstop,Mushroom Fritters
943,Wingstop,Onion Rings
944,Wingstop,Chicken Bites
945,Wingstop,Chicken Soup
946,Wingstop,Original Rice (M)
947,Wingstop,Cajun Rice (M)
948,Wingstop,Butter Rice (M)
949,Wingstop,Veggie Sticks
950,Wingstop,Dips: Cheese/Creamy Ranch/Honey Mustard
951,Wingstop,Churros 5 pcs
952,Wingstop,Chicken Wrap
953,Wingstop,Double Choco Melt
954,Wingstop,Party Set 12 pcs
955,Wingstop,Party Set 28 pcs
956,Richeese Factory,Pahe Richicken
957,Richeese Factory,Pahe Fire Flying Chicken
958,Richeese Factory,Pahe Fire Chicken
959,Richeese Factory,Fire Gangnam Chicken
960,Richeese Factory,Fire Gangnam Burger - Chicken
961,Richeese Factory,Fire Gangnam Friend Fries
962,Richeese Factory,Fire Gangnam Sauce
963,Richeese Factory,Fire Gangnam Bites
964,Richeese Factory,Fire Gangnam Burger - Beef
965,Richeese Factory,Cake In A Cup - Tiramisu
966,Richeese Factory,Fire Chicken Rice
967,Richeese Factory,Rich Burger - Chicken
968,Richeese Factory,Fire Burger Chicken (Atomic/Nuclear)
969,Richeese Factory,Rich Burger - Beef
970,Richeese Factory,Fire Burger Beef (Atomic/Nuclear)
971,Richeese Factory,Cheesy Cream Soup
972,Richeese Factory,Fire Wedges
973,Richeese Factory,Fire French Fries
974,Richeese Factory,French Fries
975,Richeese Factory,Perkedel
976,Richeese Factory,Potato Pompom
977,Richeese Factory,Cheese Crackling
978,Richeese Factory,Richicken 1Pcs
979,Richeese Factory,Fire Wings 3Pcs
980,Richeese Factory,Fire Wings 6Pcs
981,Richeese Factory,Fire Chicken 1pcs
982,Richeese Factory,Fire Chicken 8Pcs
983,Richeese Factory,Fire Chicken 3pcs
984,Richeese Factory,Fire Chicken 5pcs
985,Richeese Factory,Richicken 3pcs
986,Richeese Factory,Richicken 5pcs
987,Richeese Factory,Fire Flying Chicken 3pcs
988,Richeese Factory,Fire Flying Chicken 5pcs
989,Richeese Factory,Fire Flying Chicken 8pcs
990,Richeese Factory,Drum Stick Fire Chicken 2pcs
991,Richeese Factory,Drum Stick Richicken 2pcs
992,Richeese Factory,Drum Stick Fire Flying Chicken 2pcs
993,Richeese Factory,Fire Flying Chicken 1 Pcs
994,Richeese Factory,Fire Flying Chicken
995,Taco Bell,Naked Chicken Plus
996,Taco Bell,Taco Supreme Deal
997,Taco Bell,Crunchy Taco Supreme
998,Taco Bell,Cheesy Burrito
999,Taco Bell,2 Crunchy Taco Supreme
1000,Taco Bell,Chicken Quesadilla
1001,Taco Bell,2 Soft Taco Supreme
1002,Taco Bell,2 Kickin' Chicken Tacos
1003,Taco Bell,Kickin' Chicken Taco
1004,Taco Bell,Soft Taco Supreme
1005,Taco Bell,Crunchy Taco
1006,Taco Bell,Grilled Stuft Burrito
1007,Taco Bell,Soft Taco
1008,Taco Bell,Chickstar
1009,Taco Bell,Naked Chicken Taco
1010,Taco Bell,Loaded Griller
1011,Taco Bell,Loaded Fries
1012,Taco Bell,Loaded Nachos
1013,Taco Bell,Bell Rice
1014,Taco Bell,Shareable Platter
1015,Taco Bell,Creamy Ranch
1016,Taco Bell,Creamy Jalapeno
1017,Taco Bell,Nacho Cheese Sauce
1018,Taco Bell,Sour Cream
1019,Taco Bell,Pico De Gallo Salsa
1020,Taco Bell,Avocado Guacamole
1021,Taco Bell,Cheesy Roll
1022,Taco Bell,Rendang Burrito
1023,Taco Bell,Mexican Wings 8
1024,Taco Bell,Combo Rendang Burrito
1025,Taco Bell,Mexican Wings 4
1026,Taco Bell,Cinnamon Tostada
1027,Taco Bell,Chocodilla
1028,Taco Bell,Nacho Fries
1029,Taco Bell,Cheesy Chips
1030,Taco Bell,Cheese Quesadilla
1031,Taco Bell,Fries
1032,Subway,Chicken Slice
1033,Subway,Veggie Delight
1034,Subway,Roasted Chicken
1035,Subway,BBQ Chicken
1036,Subway,Chicken Teriyaki
1037,Subway,Tuna Mayo
1038,Subway,Italian BMT
1039,Subway,Spicy Italian
1040,Subway,Meatball Marinara
1041,Subway,Steak & Cheese
1042,Subway,Roast Beef
1043,Subway,Wrap - Veggie Delight
1044,Subway,Wrap - Chicken Slice
1045,Subway,Wrap - BBQ Chicken
1046,Subway,Wrap - Chicken Teriyaki
1047,Subway,Wrap - Roasted Chicken
1048,Subway,Wrap - Tuna Mayo
1049,Subway,Wrap - Italian BMT
1050,Subway,Wrap - Spicy Italian
1051,Subway,Wrap - Meatball Marinara
1052,Subway,Wrap - Steak & Cheese
1053,Subway,Wrap - Roast Beef
1054,Subway,Egg Mayo
1055,Subway,Wrap - Egg Mayo
1056,Subway,Wrap - Veggie Delight
1057,Subway,Wrap - BBQ Chicken Combo
1058,Subway,Wrap - Roasted Chicken Combo
1059,Subway,Wrap - Chicken Slice Combo
1060,Subway,Chicken Slice Combo
1061,Subway,Veggie Delight Combo
1062,Subway,Roasted Chicken Combo
1063,Subway,BBQ Chicken Combo
1064,Subway,Chicken Teriyaki Combo
1065,Subway,Tuna Mayo Combo
1066,Subway,Italian BMT Combo
1067,Subway,Spicy Italian Combo
1068,Subway,Meatball Marinara Combo
1069,Subway,Steak & Cheese Combo
1070,Subway,Roast Beef Combo
1071,Subway,Wrap - Chicken Teriyaki Combo
1072,Subway,Wrap - Tuna Mayo Combo
1073,Subway,Wrap - Italian BMT Combo
1074,Subway,Wrap - Spicy Italian Combo
1075,Subway,Wrap - Meatball Marinara Combo
1076,Subway,Wrap - Steak & Cheese Combo
1077,Subway,Wrap - Roast Beef Combo
1078,Subway,Egg Mayo Combo
1079,Subway,Wrap - Egg Mayo Combo
1080,Subway,Meatball Marinara Bowl
1081,Subway,Choco Chips Cookies
1082,Subway,Double Choco Cookies
1083,Subway,White Choc Macadamia Cookies
1084,Subway,Oatmeal Raisin Cookies